16,1637726801.5239078999,1637726801.5248959064,1637726801.5237150192,1637726801.5238859653
16,1637726801.5349309444,1637726801.5359311104,1637726801.5347299576,1637726801.5349049568
16,1637726801.5466010571,1637726801.5475881100,1637726801.5464088917,1637726801.5465788841
16,1637726801.5581119061,1637726801.5591111183,1637726801.5579109192,1637726801.5580890179
16,1637726801.5695579052,1637726801.5706100464,1637726801.5693678856,1637726801.5695369244
16,1637726801.5811738968,1637726801.5821700096,1637726801.5809769630,1637726801.5811491013
16,1637726801.6006560326,1637726801.6016469002,1637726801.6004610062,1637726801.6006319523
16,1637726801.6151120663,1637726801.6161079407,1637726801.6149098873,1637726801.6150860786
16,1637726801.6323950291,1637726801.6339321136,1637726801.6321969032,1637726801.6323719025
16,1637726801.6472389698,1637726801.6482288837,1637726801.6470398903,1637726801.6472160816
16,1637726801.6644101143,1637726801.6654019356,1637726801.6642038822,1637726801.6643838882
16,1637726801.6827208996,1637726801.6838738918,1637726801.6825239658,1637726801.6826970577
16,1637726801.6984789371,1637726801.6994700432,1637726801.6982719898,1637726801.6984539032
16,1637726801.7126181126,1637726801.7140979767,1637726801.7124130726,1637726801.7125930786
16,1637726801.7334859371,1637726801.7345020771,1637726801.7332201004,1637726801.7334079742
16,1637726801.7469179630,1637726801.7479109764,1637726801.7467219830,1637726801.7468950748
16,1637726801.7625141144,1637726801.7639410496,1637726801.7620871067,1637726801.7624859810
16,1637726801.7765779495,1637726801.7775769234,1637726801.7763690948,1637726801.7765491009
16,1637726801.7956609726,1637726801.7966599464,1637726801.7954540253,1637726801.7956309319
16,1637726801.8090550900,1637726801.8100481033,1637726801.8088541031,1637726801.8090291023
16,1637726801.8267591000,1637726801.8277769089,1637726801.8265581131,1637726801.8267359734
16,1637726801.8417689800,1637726801.8427629471,1637726801.8415660858,1637726801.8417420387
16,1637726801.8564760685,1637726801.8574669361,1637726801.8562641144,1637726801.8564510345
16,1637726801.8725268841,1637726801.8736140728,1637726801.8722789288,1637726801.8724999428
16,1637726801.8867549896,1637726801.8877549171,1637726801.8865549564,1637726801.8867321014
16,1637726801.8996679783,1637726801.9007849693,1637726801.8994638920,1637726801.8996410370
16,1637726801.9137699604,1637726801.9148221016,1637726801.9133839607,1637726801.9137411118
16,1637726801.9277210236,1637726801.9287090302,1637726801.9275250435,1637726801.9276969433
16,1637726801.9403131008,1637726801.9413030148,1637726801.9401190281,1637726801.9402899742
16,1637726801.9522569180,1637726801.9533851147,1637726801.9520568848,1637726801.9522330761
16,1637726801.9668591022,1637726801.9678509235,1637726801.9666550159,1637726801.9668350220
16,1637726805.1761350632,1637726805.1771769524,1637726805.1758949757,1637726805.1761059761
16,1637726805.1928310394,1637726805.1940739155,1637726805.1926269531,1637726805.1928029060
16,1637726805.2083179951,1637726805.2093238831,1637726805.2081038952,1637726805.2082839012
16,1637726805.2223000526,1637726805.2233738899,1637726805.2221078873,1637726805.2222769260
16,1637726805.2365710735,1637726805.2375619411,1637726805.2363719940,1637726805.2365450859
16,1637726805.2504920959,1637726805.2600030899,1637726805.2502748966,1637726805.2504689693
16,1637726805.2710480690,1637726805.2720561028,1637726805.2708370686,1637726805.2710158825
16,1637726805.2872760296,1637726805.2882819176,1637726805.2870759964,1637726805.2872500420
16,1637726805.3008139133,1637726805.3018081188,1637726805.3006141186,1637726805.3007900715
16,1637726805.3154621124,1637726805.3164899349,1637726805.3152489662,1637726805.3154358864
16,1637726805.3310399055,1637726805.3321940899,1637726805.3308351040,1637726805.3310120106
16,1637726805.3502199650,1637726805.3512101173,1637726805.3500239849,1637726805.3501958847
16,1637726805.3625040054,1637726805.3637399673,1637726805.3623020649,1637726805.3624799252
16,1637726805.3752279282,1637726805.3762159348,1637726805.3750300407,1637726805.3752019405
16,1637726805.3876729012,1637726805.3886721134,1637726805.3874650002,1637726805.3876430988
16,1637726805.4017269611,1637726805.4031829834,1637726805.4015278816,1637726805.4017028809
16,1637726805.4165420532,1637726805.4175419807,1637726805.4163360596,1637726805.4165139198
16,1637726805.4297060966,1637726805.4306979179,1637726805.4295051098,1637726805.4296829700
16,1637726805.4449338913,1637726805.4459319115,1637726805.4447131157,1637726805.4448969364
16,1637726805.4587779045,1637726805.4602470398,1637726805.4585819244,1637726805.4587540627
16,1637726805.4733428955,1637726805.4744169712,1637726805.4731400013,1637726805.4733190536
16,1637726805.4886379242,1637726805.4896399975,1637726805.4884109497,1637726805.4886059761
16,1637726805.5024600029,1637726805.5036408901,1637726805.5022580624,1637726805.5024330616
16,1637726805.5167000294,1637726805.5176889896,1637726805.5164940357,1637726805.5166730881
16,1637726805.5297939777,1637726805.5308759212,1637726805.5295979977,1637726805.5297698975
16,1637726805.5456650257,1637726805.5467910767,1637726805.5454609394,1637726805.5456380844
16,1637726805.5580010414,1637726805.5590720177,1637726805.5577499866,1637726805.5579769611
16,1637726805.5740740299,1637726805.5751399994,1637726805.5738680363,1637726805.5740489960
16,1637726805.5913898945,1637726805.5924210548,1637726805.5911149979,1637726805.5913619995
16,1637726805.6149580479,1637726805.6159551144,1637726805.6147549152,1637726805.6149311066
16,1637726805.6310889721,1637726805.6320850849,1637726805.6308820248,1637726805.6310598850
24,1637726813.2255790234,1637726813.2266869545,1637726813.2253630161,1637726813.2255508900
24,1637726813.2387061119,1637726813.2397789955,1637726813.2384929657,1637726813.2386798859
24,1637726813.2523880005,1637726813.2540020943,1637726813.2521750927,1637726813.2523610592
24,1637726813.2672340870,1637726813.2683129311,1637726813.2670230865,1637726813.2672069073
24,1637726813.2810189724,1637726813.2821021080,1637726813.2808010578,1637726813.2809898853
24,1637726813.2935569286,1637726813.2946350574,1637726813.2930600643,1637726813.2934811115
24,1637726813.3121209145,1637726813.3138260841,1637726813.3119020462,1637726813.3120920658
24,1637726813.3282940388,1637726813.3293778896,1637726813.3280711174,1637726813.3282620907
24,1637726813.3414781094,1637726813.3425650597,1637726813.3412580490,1637726813.3414490223
24,1637726813.3674199581,1637726813.3684790134,1637726813.3672111034,1637726813.3673949242
24,1637726813.3816509247,1637726813.3827149868,1637726813.3814311028,1637726813.3816220760
24,1637726813.3993270397,1637726813.4004249573,1637726813.3991010189,1637726813.3992979527
24,1637726813.4241409302,1637726813.4252650738,1637726813.4239230156,1637726813.4241099358
24,1637726813.4386730194,1637726813.4398009777,1637726813.4384610653,1637726813.4386460781
24,1637726813.4564399719,1637726813.4575009346,1637726813.4562170506,1637726813.4564108849
24,1637726813.4708209038,1637726813.4719018936,1637726813.4705970287,1637726813.4707930088
24,1637726813.4843060970,1637726813.4853689671,1637726813.4840929508,1637726813.4842810631
24,1637726813.5016300678,1637726813.5027830601,1637726813.5014040470,1637726813.5016019344
24,1637726813.5154669285,1637726813.5165469646,1637726813.5152559280,1637726813.5154409409
24,1637726813.5316998959,1637726813.5327830315,1637726813.5314788818,1637726813.5316720009
24,1637726813.5515780449,1637726813.5532789230,1637726813.5513389111,1637726813.5515439510
24,1637726813.5663061142,1637726813.5673708916,1637726813.5660870075,1637726813.5662798882
24,1637726813.5810620785,1637726813.5821230412,1637726813.5808510780,1637726813.5810348988
24,1637726813.5948081017,1637726813.5958700180,1637726813.5945949554,1637726813.5947799683
24,1637726813.6080939770,1637726813.6091539860,1637726813.6078739166,1637726813.6080670357
24,1637726813.6209380627,1637726813.6219980717,1637726813.6207280159,1637726813.6209120750
24,1637726813.6330590248,1637726813.6341259480,1637726813.6327509880,1637726813.6330299377
24,1637726813.6455070972,1637726813.6465649605,1637726813.6452939510,1637726813.6454811096
24,1637726813.6640989780,1637726813.6651570797,1637726813.6638801098,1637726813.6640670300
24,1637726813.6764910221,1637726813.6775560379,1637726813.6762800217,1637726813.6764640808
24,1637726813.6883490086,1637726813.6894049644,1637726813.6881289482,1637726813.6883258820
24,1637726816.6592659950,1637726816.6603260040,1637726816.6590490341,1637726816.6592381001
24,1637726816.6713030338,1637726816.6723589897,1637726816.6710929871,1637726816.6712789536
24,1637726816.6837890148,1637726816.6848509312,1637726816.6835780144,1637726816.6837599277
24,1637726816.6959609985,1637726816.6970291138,1637726816.6957530975,1637726816.6959359646
24,1637726816.7075419426,1637726816.7086000443,1637726816.7073309422,1637726816.7075159550
24,1637726816.7201271057,1637726816.7211849689,1637726816.7199099064,1637726816.7201011181
24,1637726816.7316839695,1637726816.7327480316,1637726816.7314629555,1637726816.7316539288
24,1637726816.7457690239,1637726816.7468600273,1637726816.7455461025,1637726816.7457349300
24,1637726816.7593250275,1637726816.7604019642,1637726816.7591080666,1637726816.7592959404
24,1637726816.7726869583,1637726816.7745950222,1637726816.7724559307,1637726816.7726550102
24,1637726816.7878530025,1637726816.7889370918,1637726816.7876369953,1637726816.7878260612
24,1637726816.8010489941,1637726816.8021240234,1637726816.8008348942,1637726816.8010220528
24,1637726816.8227770329,1637726816.8251070976,1637726816.8225579262,1637726816.8227479458
24,1637726816.8393709660,1637726816.8404529095,1637726816.8391559124,1637726816.8393421173
24,1637726816.8572199345,1637726816.8583021164,1637726816.8570039272,1637726816.8571929932
24,1637726816.8734610081,1637726816.8746790886,1637726816.8726480007,1637726816.8733549118
24,1637726816.8875401020,1637726816.8886280060,1637726816.8873209953,1637726816.8875119686
24,1637726816.9006469250,1637726816.9017379284,1637726816.9004240036,1637726816.9006180763
24,1637726816.9406120777,1637726816.9416859150,1637726816.9403591156,1637726816.9405469894
24,1637726816.9641680717,1637726816.9652299881,1637726816.9639530182,1637726816.9641399384
24,1637726816.9772670269,1637726816.9783279896,1637726816.9770519733,1637726816.9772400856
24,1637726816.9904289246,1637726816.9915049076,1637726816.9902169704,1637726816.9904038906
24,1637726817.0048449039,1637726817.0059590340,1637726817.0046069622,1637726817.0048129559
24,1637726817.0181300640,1637726817.0192179680,1637726817.0179090500,1637726817.0180981159
24,1637726817.0345780849,1637726817.0356829166,1637726817.0343110561,1637726817.0345079899
24,1637726817.0469579697,1637726817.0480608940,1637726817.0467209816,1637726817.0469310284
24,1637726817.0623600483,1637726817.0641949177,1637726817.0621330738,1637726817.0623290539
24,1637726817.0772650242,1637726817.0784149170,1637726817.0770521164,1637726817.0772368908
24,1637726817.0895400047,1637726817.0906100273,1637726817.0893349648,1637726817.0895159245
24,1637726817.1016240120,1637726817.1026809216,1637726817.1014161110,1637726817.1015989780
24,1637726817.1191129684,1637726817.1201729774,1637726817.1188969612,1637726817.1190860271
24,1637726826.9093201160,1637726826.9103820324,1637726826.9091129303,1637726826.9092960358
24,1637726826.9208910465,1637726826.9219460487,1637726826.9206819534,1637726826.9208660126
24,1637726826.9325349331,1637726826.9342079163,1637726826.9323329926,1637726826.9325110912
24,1637726826.9448280334,1637726826.9458858967,1637726826.9446170330,1637726826.9448029995
24,1637726826.9564149380,1637726826.9574699402,1637726826.9562048912,1637726826.9563899040
24,1637726826.9679770470,1637726826.9690349102,1637726826.9677700996,1637726826.9679520130
24,1637726826.9803109169,1637726826.9813690186,1637726826.9800980091,1637726826.9802849293
24,1637726826.9947290421,1637726826.9958000183,1637726826.9945158958,1637726826.9947021008
24,1637726827.0179910660,1637726827.0190749168,1637726827.0177729130,1637726827.0179619789
24,1637726827.0341219902,1637726827.0352420807,1637726827.0339090824,1637726827.0340950489
24,1637726827.0497400761,1637726827.0508880615,1637726827.0494990349,1637726827.0497069359
24,1637726827.0638120174,1637726827.0649778843,1637726827.0635890961,1637726827.0637791157
24,1637726827.0794470310,1637726827.0806760788,1637726827.0792191029,1637726827.0794179440
24,1637726827.0947868824,1637726827.0958690643,1637726827.0945580006,1637726827.0947558880
24,1637726827.1081809998,1637726827.1092638969,1637726827.1079509258,1637726827.1081469059
24,1637726827.1220490932,1637726827.1236948967,1637726827.1218309402,1637726827.1220200062
24,1637726827.1365249157,1637726827.1375970840,1637726827.1363079548,1637726827.1364970207
24,1637726827.1496729851,1637726827.1507520676,1637726827.1494569778,1637726827.1496460438
24,1637726827.1641960144,1637726827.1652789116,1637726827.1639740467,1637726827.1641619205
24,1637726827.1781051159,1637726827.1792020798,1637726827.1778879166,1637726827.1780788898
24,1637726827.1914789677,1637726827.1925621033,1637726827.1912629604,1637726827.1914479733
24,1637726827.2053670883,1637726827.2064449787,1637726827.2051520348,1637726827.2053389549
24,1637726827.2184550762,1637726827.2195279598,1637726827.2182409763,1637726827.2184300423
24,1637726827.2323510647,1637726827.2339720726,1637726827.2321391106,1637726827.2323238850
24,1637726827.2466080189,1637726827.2476880550,1637726827.2463901043,1637726827.2465798855
24,1637726827.2673740387,1637726827.2684569359,1637726827.2671461105,1637726827.2673389912
24,1637726827.2808759212,1637726827.2819519043,1637726827.2806620598,1637726827.2808470726
24,1637726827.2947959900,1637726827.2958829403,1637726827.2945740223,1637726827.2947640419
24,1637726827.3071889877,1637726827.3082869053,1637726827.3069539070,1637726827.3071599007
24,1637726827.3234028816,1637726827.3244640827,1637726827.3231809139,1637726827.3233730793
24,1637726827.3380470276,1637726827.3391079903,1637726827.3378000259,1637726827.3379840851
24,1637726829.9576148987,1637726829.9587359428,1637726829.9574050903,1637726829.9575879574
24,1637726829.9697489738,1637726829.9708039761,1637726829.9695439339,1637726829.9697239399
24,1637726829.9897100925,1637726829.9913990498,1637726829.9895029068,1637726829.9896860123
24,1637726830.0033860207,1637726830.0044429302,1637726830.0031769276,1637726830.0033640862
24,1637726830.0179679394,1637726830.0197470188,1637726830.0177130699,1637726830.0179390907
24,1637726830.0339229107,1637726830.0350310802,1637726830.0336339474,1637726830.0338959694
24,1637726830.0540399551,1637726830.0551619530,1637726830.0538198948,1637726830.0540130138
24,1637726830.0704250336,1637726830.0714890957,1637726830.0702118874,1637726830.0703949928
24,1637726830.0860629082,1637726830.0871438980,1637726830.0858030319,1637726830.0859959126
24,1637726830.0993020535,1637726830.1004118919,1637726830.0990829468,1637726830.0992739201
24,1637726830.1149890423,1637726830.1161010265,1637726830.1147649288,1637726830.1149559021
24,1637726830.1274080276,1637726830.1284720898,1637726830.1271960735,1637726830.1273810863
24,1637726830.1397581100,1637726830.1408200264,1637726830.1395080090,1637726830.1396911144
24,1637726830.1545300484,1637726830.1555879116,1637726830.1543159485,1637726830.1545040607
24,1637726830.1682269573,1637726830.1692869663,1637726830.1680099964,1637726830.1682009697
24,1637726830.1821429729,1637726830.1836619377,1637726830.1819300652,1637726830.1821119785
24,1637726830.1966559887,1637726830.1977179050,1637726830.1964440346,1637726830.1966300011
24,1637726830.2107999325,1637726830.2118630409,1637726830.2105870247,1637726830.2107739449
24,1637726830.2300519943,1637726830.2321989536,1637726830.2298328876,1637726830.2300250530
24,1637726830.2455949783,1637726830.2475879192,1637726830.2453770638,1637726830.2455680370
24,1637726830.2610681057,1637726830.2626080513,1637726830.2608010769,1637726830.2609970570
24,1637726830.2760279179,1637726830.2771120071,1637726830.2757890224,1637726830.2759940624
24,1637726830.2935860157,1637726830.2946488857,1637726830.2933681011,1637726830.2935578823
24,1637726830.3149240017,1637726830.3159921169,1637726830.3146579266,1637726830.3148560524
24,1637726830.3299770355,1637726830.3311529160,1637726830.3297579288,1637726830.3299489021
24,1637726830.3476319313,1637726830.3486969471,1637726830.3474109173,1637726830.3476018906
24,1637726830.3637559414,1637726830.3648409843,1637726830.3635129929,1637726830.3637139797
24,1637726830.3790910244,1637726830.3801550865,1637726830.3788640499,1637726830.3790609837
24,1637726830.3937880993,1637726830.3949599266,1637726830.3935720921,1637726830.3937609196
24,1637726830.4101660252,1637726830.4112501144,1637726830.4099040031,1637726830.4100890160
24,1637726830.4241979122,1637726830.4252619743,1637726830.4239890575,1637726830.4241719246
32,1637728115.7597270012,1637728115.7608890533,1637728115.7587020397,1637728115.7596929073
32,1637728115.7733690739,1637728115.7745220661,1637728115.7731070518,1637728115.7733359337
32,1637728115.7960140705,1637728115.7971398830,1637728115.7957460880,1637728115.7959458828
32,1637728115.8137359619,1637728115.8171880245,1637728115.8126740456,1637728115.8136999607
32,1637728115.8296959400,1637728115.8308410645,1637728115.8294510841,1637728115.8296658993
32,1637728115.8430559635,1637728115.8514780998,1637728115.8426749706,1637728115.8430221081
32,1637728115.8639290333,1637728115.8650739193,1637728115.8633830547,1637728115.8635859489
32,1637728115.8820190430,1637728115.8832559586,1637728115.8817930222,1637728115.8819890022
32,1637728115.9002408981,1637728115.9013741016,1637728115.8999629021,1637728115.9001688957
32,1637728115.9222788811,1637728115.9239809513,1637728115.9220519066,1637728115.9222478867
32,1637728115.9401369095,1637728115.9412679672,1637728115.9399099350,1637728115.9401059151
32,1637728115.9527730942,1637728115.9543740749,1637728115.9524710178,1637728115.9527020454
32,1637728115.9662339687,1637728115.9673600197,1637728115.9660038948,1637728115.9662029743
32,1637728115.9808299541,1637728115.9819579124,1637728115.9806048870,1637728115.9807980061
32,1637728115.9962079525,1637728115.9973371029,1637728115.9959769249,1637728115.9961750507
32,1637728116.0090899467,1637728116.0102179050,1637728116.0088610649,1637728116.0090610981
32,1637728116.0241351128,1637728116.0253360271,1637728116.0239090919,1637728116.0241050720
32,1637728116.0384809971,1637728116.0396089554,1637728116.0382509232,1637728116.0384509563
32,1637728116.0542631149,1637728116.0553929806,1637728116.0540339947,1637728116.0542330742
32,1637728116.0690250397,1637728116.0701539516,1637728116.0687830448,1637728116.0689930916
32,1637728116.0831840038,1637728116.0844020844,1637728116.0827898979,1637728116.0831511021
32,1637728116.1032791138,1637728116.1044580936,1637728116.1030499935,1637728116.1032469273
32,1637728116.1161301136,1637728116.1172559261,1637728116.1159050465,1637728116.1161010265
32,1637728116.1319849491,1637728116.1332530975,1637728116.1317250729,1637728116.1319530010
32,1637728116.1479260921,1637728116.1490540504,1637728116.1477019787,1637728116.1478979588
32,1637728116.1622719765,1637728116.1635289192,1637728116.1620171070,1637728116.1622390747
32,1637728116.1810519695,1637728116.1821761131,1637728116.1808319092,1637728116.1810240746
32,1637728116.1966040134,1637728116.1980168819,1637728116.1963629723,1637728116.1965689659
32,1637728116.2296190262,1637728116.2410271168,1637728116.2293848991,1637728116.2295870781
32,1637728116.2557339668,1637728116.2569670677,1637728116.2535700798,1637728116.2541289330
32,1637728116.2699079514,1637728116.2710440159,1637728116.2696690559,1637728116.2698719501
32,1637728124.1357710361,1637728124.1369540691,1637728124.1355490685,1637728124.1357450485
32,1637728124.1476860046,1637728124.1488080025,1637728124.1474649906,1637728124.1476590633
32,1637728124.1606628895,1637728124.1617879868,1637728124.1604130268,1637728124.1606340408
32,1637728124.1726748943,1637728124.1744010448,1637728124.1724500656,1637728124.1726469994
32,1637728124.1871020794,1637728124.1882269382,1637728124.1868760586,1637728124.1870720387
32,1637728124.2007648945,1637728124.2018949986,1637728124.2005310059,1637728124.2007310390
32,1637728124.2142920494,1637728124.2154219151,1637728124.2140650749,1637728124.2142639160
32,1637728124.2280340195,1637728124.2291829586,1637728124.2277998924,1637728124.2280030251
32,1637728124.2450439930,1637728124.2461988926,1637728124.2448101044,1637728124.2450098991
32,1637728124.2592289448,1637728124.2603759766,1637728124.2589900494,1637728124.2591969967
32,1637728124.2738480568,1637728124.2750079632,1637728124.2734689713,1637728124.2737989426
32,1637728124.2882189751,1637728124.2893710136,1637728124.2879440784,1637728124.2881870270
32,1637728124.3017919064,1637728124.3033840656,1637728124.3015239239,1637728124.3017249107
32,1637728124.3161659241,1637728124.3173220158,1637728124.3158888817,1637728124.3160951138
32,1637728124.3306999207,1637728124.3318550587,1637728124.3304650784,1637728124.3306670189
32,1637728124.3448541164,1637728124.3459749222,1637728124.3446350098,1637728124.3448269367
32,1637728124.3628079891,1637728124.3640570641,1637728124.3625760078,1637728124.3627738953
32,1637728124.3770949841,1637728124.3782229424,1637728124.3768639565,1637728124.3770639896
32,1637728124.3920280933,1637728124.3937408924,1637728124.3917920589,1637728124.3919939995
32,1637728124.4071381092,1637728124.4082880020,1637728124.4069008827,1637728124.4071049690
32,1637728124.4212880135,1637728124.4224119186,1637728124.4210669994,1637728124.4212620258
32,1637728124.4380230904,1637728124.4391551018,1637728124.4377770424,1637728124.4379839897
32,1637728124.4527189732,1637728124.4543669224,1637728124.4524829388,1637728124.4526879787
32,1637728124.4687891006,1637728124.4699239731,1637728124.4685568810,1637728124.4687559605
32,1637728124.4821469784,1637728124.4837920666,1637728124.4819200039,1637728124.4821178913
32,1637728124.4966509342,1637728124.4977788925,1637728124.4963989258,1637728124.4966199398
32,1637728124.5108230114,1637728124.5119469166,1637728124.5106000900,1637728124.5107939243
32,1637728124.5250439644,1637728124.5261790752,1637728124.5248060226,1637728124.5250110626
32,1637728124.5391309261,1637728124.5402610302,1637728124.5388910770,1637728124.5390961170
32,1637728124.5537159443,1637728124.5548489094,1637728124.5533299446,1637728124.5536830425
32,1637728124.5682699680,1637728124.5694689751,1637728124.5680429935,1637728124.5682420731
